path,videofolder,videoname
fadg0/video/,sa1,0
fadg0/video/,sa2,1
fadg0/video/,si649,4
fadg0/video/,si1279,2
fadg0/video/,si1909,3
fadg0/video/,sx19,6
fadg0/video/,sx109,5
fadg0/video/,sx199,7
fadg0/video/,sx289,8
fadg0/video/,sx379,9
faks0/video/,sa1,10
faks0/video/,sa2,11
faks0/video/,si943,14
faks0/video/,si1573,12
faks0/video/,si2203,13
faks0/video/,sx43,19
faks0/video/,sx133,15
faks0/video/,sx223,16
faks0/video/,sx313,17
faks0/video/,sx403,18
fcft0/video/,sa1,20
fcft0/video/,sa2,21
fcft0/video/,si548,24
fcft0/video/,si1178,22
fcft0/video/,si1808,23
fcft0/video/,sx8,28
fcft0/video/,sx98,29
fcft0/video/,sx188,25
fcft0/video/,sx278,26
fcft0/video/,sx368,27
fcmh0/video/,sa1,30
fcmh0/video/,sa2,31
fcmh0/video/,si824,34
fcmh0/video/,si1454,32
fcmh0/video/,si2084,33
fcmh0/video/,sx14,36
fcmh0/video/,sx104,35
fcmh0/video/,sx194,37
fcmh0/video/,sx284,38
fcmh0/video/,sx374,39
fdac1/video/,sa1,40
fdac1/video/,sa2,41
fdac1/video/,si844,44
fdac1/video/,si1474,42
fdac1/video/,si2104,43
fdac1/video/,sx34,48
fdac1/video/,sx124,45
fdac1/video/,sx214,46
fdac1/video/,sx304,47
fdac1/video/,sx394,49
fdrd1/video/,sa1,50
fdrd1/video/,sa2,51
fdrd1/video/,si1544,52
fdrd1/video/,si1566,53
fdrd1/video/,si2149,54
fdrd1/video/,sx14,56
fdrd1/video/,sx104,55
fdrd1/video/,sx194,57
fdrd1/video/,sx284,58
fdrd1/video/,sx374,59
fedw0/video/,sa1,60
fedw0/video/,sa2,61
fedw0/video/,si1084,62
fedw0/video/,si1653,63
fedw0/video/,si1714,64
fedw0/video/,sx4,68
fedw0/video/,sx94,69
fedw0/video/,sx184,65
fedw0/video/,sx274,66
fedw0/video/,sx364,67
felc0/video/,sa1,70
felc0/video/,sa2,71
felc0/video/,si756,74
felc0/video/,si1386,72
felc0/video/,si2016,73
felc0/video/,sx36,78
felc0/video/,sx126,75
felc0/video/,sx216,76
felc0/video/,sx306,77
felc0/video/,sx396,79
fjas0/video/,sa1,80
fjas0/video/,sa2,81
fjas0/video/,si770,84
fjas0/video/,si1400,82
fjas0/video/,si2030,83
fjas0/video/,sx50,89
fjas0/video/,sx140,85
fjas0/video/,sx230,86
fjas0/video/,sx320,87
fjas0/video/,sx410,88
fjem0/video/,sa1,90
fjem0/video/,sa2,91
fjem0/video/,si634,94
fjem0/video/,si1264,92
fjem0/video/,si1894,93
fjem0/video/,sx4,98
fjem0/video/,sx94,99
fjem0/video/,sx184,95
fjem0/video/,sx274,96
fjem0/video/,sx364,97
fjre0/video/,sa1,100
fjre0/video/,sa2,101
fjre0/video/,si1116,102
fjre0/video/,si1587,103
fjre0/video/,si1746,104
fjre0/video/,sx36,108
fjre0/video/,sx126,105
fjre0/video/,sx216,106
fjre0/video/,sx306,107
fjre0/video/,sx396,109
fjwb0/video/,sa1,110
fjwb0/video/,sa2,111
fjwb0/video/,si635,113
fjwb0/video/,si992,114
fjwb0/video/,si1265,112
fjwb0/video/,sx5,118
fjwb0/video/,sx95,119
fjwb0/video/,sx185,115
fjwb0/video/,sx275,116
fjwb0/video/,sx365,117
fkms0/video/,sa1,120
fkms0/video/,sa2,121
fkms0/video/,si860,124
fkms0/video/,si1490,122
fkms0/video/,si2120,123
fkms0/video/,sx50,129
fkms0/video/,sx140,125
fkms0/video/,sx230,126
fkms0/video/,sx320,127
fkms0/video/,sx410,128
fram1/video/,sa1,130
fram1/video/,sa2,131
fram1/video/,si522,133
fram1/video/,si730,134
fram1/video/,si1360,132
fram1/video/,sx10,135
fram1/video/,sx100,136
fram1/video/,sx190,137
fram1/video/,sx280,138
fram1/video/,sx370,139
mccs0/video/,sa1,140
mccs0/video/,sa2,141
mccs0/video/,si839,144
mccs0/video/,si1469,142
mccs0/video/,si2099,143
mccs0/video/,sx29,147
mccs0/video/,sx119,145
mccs0/video/,sx209,146
mccs0/video/,sx299,148
mccs0/video/,sx389,149
mcem0/video/,sa1,150
mcem0/video/,sa2,151
mcem0/video/,si768,154
mcem0/video/,si1398,152
mcem0/video/,si2028,153
mcem0/video/,sx48,159
mcem0/video/,sx138,155
mcem0/video/,sx228,156
mcem0/video/,sx318,157
mcem0/video/,sx408,158
mdab0/video/,sa1,160
mdab0/video/,sa2,161
mdab0/video/,si1039,162
mdab0/video/,si1669,163
mdab0/video/,si2299,164
mdab0/video/,sx49,169
mdab0/video/,sx139,165
mdab0/video/,sx229,166
mdab0/video/,sx319,167
mdab0/video/,sx409,168
mdbb0/video/,sa1,170
mdbb0/video/,sa2,171
mdbb0/video/,si565,173
mdbb0/video/,si1825,172
mdbb0/video/,sx25,177
mdbb0/video/,sx115,174
mdbb0/video/,sx205,176
mdbb0/video/,sx295,178
mdbb0/video/,sx385,179
mdbb0/video/,sx1195,175
mdld0/video/,sa1,180
mdld0/video/,sa2,181
mdld0/video/,si913,184
mdld0/video/,si1543,182
mdld0/video/,si2173,183
mdld0/video/,sx13,186
mdld0/video/,sx103,185
mdld0/video/,sx193,187
mdld0/video/,sx283,188
mdld0/video/,sx373,189
mgwt0/video/,sa1,190
mgwt0/video/,sa2,191
mgwt0/video/,si909,194
mgwt0/video/,si1539,192
mgwt0/video/,si2169,193
mgwt0/video/,sx9,198
mgwt0/video/,sx99,199
mgwt0/video/,sx189,195
mgwt0/video/,sx279,196
mgwt0/video/,sx369,197
mjar0/video/,sa1,200
mjar0/video/,sa2,201
mjar0/video/,si728,204
mjar0/video/,si1988,202
mjar0/video/,si2247,203
mjar0/video/,sx8,208
mjar0/video/,sx98,209
mjar0/video/,sx188,205
mjar0/video/,sx278,206
mjar0/video/,sx368,207
mjsw0/video/,sa1,210
mjsw0/video/,sa2,211
mjsw0/video/,si1010,212
mjsw0/video/,si1640,213
mjsw0/video/,si2270,214
mjsw0/video/,sx20,216
mjsw0/video/,sx110,215
mjsw0/video/,sx200,217
mjsw0/video/,sx290,218
mjsw0/video/,sx380,219
mmdb1/video/,sa1,220
mmdb1/video/,sa2,221
mmdb1/video/,si995,223
mmdb1/video/,si2255,222
mmdb1/video/,sx5,228
mmdb1/video/,sx95,229
mmdb1/video/,sx185,225
mmdb1/video/,sx275,226
mmdb1/video/,sx365,227
mmdb1/video/,sx1625,224
mmdm2/video/,sa1,230
mmdm2/video/,sa2,231
mmdm2/video/,si1425,232
mmdm2/video/,si1555,233
mmdm2/video/,si2028,234
mmdm2/video/,sx12,236
mmdm2/video/,sx102,235
mmdm2/video/,sx192,237
mmdm2/video/,sx282,238
mmdm2/video/,sx372,239
mpdf0/video/,sa1,240
mpdf0/video/,sa2,241
mpdf0/video/,si912,244
mpdf0/video/,si1542,242
mpdf0/video/,si2172,243
mpdf0/video/,sx12,246
mpdf0/video/,sx102,245
mpdf0/video/,sx192,247
mpdf0/video/,sx282,248
mpdf0/video/,sx372,249
mpgl0/video/,sa1,250
mpgl0/video/,sa2,251
mpgl0/video/,si469,254
mpgl0/video/,si1099,252
mpgl0/video/,si1729,253
mpgl0/video/,sx19,256
mpgl0/video/,sx109,255
mpgl0/video/,sx199,257
mpgl0/video/,sx289,258
mpgl0/video/,sx379,259
mrcz0/video/,sa1,260
mrcz0/video/,sa2,261
mrcz0/video/,si911,264
mrcz0/video/,si1541,262
mrcz0/video/,si2171,263
mrcz0/video/,sx11,266
mrcz0/video/,sx101,265
mrcz0/video/,sx191,267
mrcz0/video/,sx281,268
mrcz0/video/,sx371,269
mrgg0/video/,sa1,270
mrgg0/video/,sa2,271
mrgg0/video/,si569,274
mrgg0/video/,si1199,272
mrgg0/video/,si1829,273
mrgg0/video/,sx29,277
mrgg0/video/,sx119,275
mrgg0/video/,sx209,276
mrgg0/video/,sx299,278
mrgg0/video/,sx389,279
mrjo0/video/,sa1,280
mrjo0/video/,sa2,281
mrjo0/video/,si734,284
mrjo0/video/,si1364,282
mrjo0/video/,si1624,283
mrjo0/video/,sx14,286
mrjo0/video/,sx104,285
mrjo0/video/,sx194,287
mrjo0/video/,sx284,288
mrjo0/video/,sx374,289
msjs1/video/,sa1,290
msjs1/video/,sa2,291
msjs1/video/,si639,293
msjs1/video/,si869,294
msjs1/video/,si1899,292
msjs1/video/,sx9,298
msjs1/video/,sx99,299
msjs1/video/,sx189,295
msjs1/video/,sx279,296
msjs1/video/,sx369,297
mstk0/video/,sa1,300
mstk0/video/,sa2,301
mstk0/video/,si1024,302
mstk0/video/,si2222,303
mstk0/video/,si2284,304
mstk0/video/,sx34,308
mstk0/video/,sx124,305
mstk0/video/,sx214,306
mstk0/video/,sx304,307
mstk0/video/,sx394,309
mwbt0/video/,sa1,310
mwbt0/video/,sa2,311
mwbt0/video/,si923,314
mwbt0/video/,si1553,312
mwbt0/video/,si2183,313
mwbt0/video/,sx23,317
mwbt0/video/,sx113,315
mwbt0/video/,sx203,316
mwbt0/video/,sx293,318
mwbt0/video/,sx383,319
